[{"model": "book.author", "pk": 1, "fields": {"first_name_author": "Guillaume", "last_name_author": "Musso", "biography_author": "Romancier français né en 1974 à Antibes, Guillaume Musso est l'auteur le plus", "nationality_author": "Française", "created_by": 1, "modified_by": 1, "modified_at": "2022-04-05T11:50:06.449Z", "created_at": "2022-04-05T11:50:06.449Z", "status": 1}}, {"model": "book.author", "pk": 2, "fields": {"first_name_author": "Michel", "last_name_author": "Bussi", "biography_author": "Michel Bussi est un écrivain français né en 1965 en Normandie.", "nationality_author": "Française", "created_by": 1, "modified_by": 1, "modified_at": "2022-04-05T11:51:09.923Z", "created_at": "2022-04-05T11:51:09.923Z", "status": 1}}, {"model": "book.author", "pk": 3, "fields": {"first_name_author": "Aurélie", "last_name_author": "Valognes", "biography_author": "Aurélie Valognes, née en 1983 à Chatenay-Malabry, est une écrivaine française de littérature", "nationality_author": "Française", "created_by": 1, "modified_by": 1, "modified_at": "2022-04-05T11:52:21.586Z", "created_at": "2022-04-05T11:52:21.586Z", "status": 1}}, {"model": "book.author", "pk": 4, "fields": {"first_name_author": "J.K", "last_name_author": "Rowling", "biography_author": "Née en juillet 1965, Joanne Kathleen Rowling a six ans lorsque sa famille déménage pour Winterbourne", "nationality_author": "Belge", "created_by": 1, "modified_by": 1, "modified_at": "2022-04-05T11:54:04.930Z", "created_at": "2022-04-05T11:54:04.930Z", "status": 1}}, {"model": "book.author", "pk": 5, "fields": {"first_name_author": "Valérie", "last_name_author": "Perrin", "biography_author": "Photographe et scénariste, Valérie Perrin a conquis le public dès son premier roman, Les oublié", "nationality_author": "Française", "created_by": 1, "modified_by": 1, "modified_at": "2022-04-05T11:55:04.199Z", "created_at": "2022-04-05T11:55:04.199Z", "status": 1}}, {"model": "book.author", "pk": 6, "fields": {"first_name_author": "Olivier", "last_name_author": "Norek", "biography_author": "Olivier Norek est un écrivain, scénariste et lieutenant de police français né le 02 août 1975 à Toulouse", "nationality_author": "Française", "created_by": 1, "modified_by": 1, "modified_at": "2022-04-05T11:56:18.744Z", "created_at": "2022-04-05T11:56:18.744Z", "status": 1}}, {"model": "book.author", "pk": 7, "fields": {"first_name_author": "Albert", "last_name_author": "Camus", "biography_author": "Albert Camus est un écrivain, philosophe, romancier et nouvelliste français", "nationality_author": "Française", "created_by": 1, "modified_by": 1, "modified_at": "2022-04-05T12:12:32.878Z", "created_at": "2022-04-05T12:12:32.879Z", "status": 1}}, {"model": "book.author", "pk": 8, "fields": {"first_name_author": "Gilbert", "last_name_author": "Simondon", "biography_author": "Critique des notions de matière et de forme. Création de concepts élaborés, quoiqu'un peu compliqués, comme celui de Transindividuel.", "nationality_author": "Française", "created_by": 1, "modified_by": 1, "modified_at": "2022-04-05T12:15:42.294Z", "created_at": "2022-04-05T12:15:42.294Z", "status": 1}}, {"model": "book.readpoint", "pk": 1, "fields": {"name_readpoint": "Bibliotheque 1", "commune_readpoint": "Matam", "quartier_readpoint": "Boussoura", "address_readpoint": "Rue2 x 4", "contact1_readpoint": "620183651", "contact2_readpoint": "655106392", "email_readpoint": "bibliotheque1@pl.com", "created_by": 1, "modified_by": 1, "modified_at": "2022-04-05T11:37:57.977Z", "created_at": "2022-04-05T11:37:57.977Z", "status": 1}}, {"model": "book.readpoint", "pk": 2, "fields": {"name_readpoint": "Bibliotheque 2", "commune_readpoint": "Matam", "quartier_readpoint": "Bonfi", "address_readpoint": "Rue1 x 5", "contact1_readpoint": "628018173", "contact2_readpoint": "622018320", "email_readpoint": "bibliotheque2@pl.com", "created_by": 1, "modified_by": 1, "modified_at": "2022-04-05T11:39:01.501Z", "created_at": "2022-04-05T11:39:01.501Z", "status": 1}}, {"model": "book.readpoint", "pk": 3, "fields": {"name_readpoint": "Bibliotheque 3", "commune_readpoint": "Ratoma", "quartier_readpoint": "Cobaya", "address_readpoint": "Rue10 x 3", "contact1_readpoint": "624937101", "contact2_readpoint": "620174791", "email_readpoint": "bibliotheque3@pl.com", "created_by": 1, "modified_by": 1, "modified_at": "2022-04-05T11:40:45.002Z", "created_at": "2022-04-05T11:40:45.002Z", "status": 1}}, {"model": "book.readpoint", "pk": 4, "fields": {"name_readpoint": "Bibliotheque 4", "commune_readpoint": "Ratoma", "quartier_readpoint": "Kipé", "address_readpoint": "Rue12 x 9", "contact1_readpoint": "666918375", "contact2_readpoint": "655910350", "email_readpoint": "bibliotheque4@pl.com", "created_by": 1, "modified_by": 1, "modified_at": "2022-04-05T11:42:14.229Z", "created_at": "2022-04-05T11:42:14.229Z", "status": 1}}, {"model": "book.readpoint", "pk": 5, "fields": {"name_readpoint": "Bibliotheque 5", "commune_readpoint": "Ratoma", "quartier_readpoint": "Taouyah", "address_readpoint": "Rue17 x 1", "contact1_readpoint": "649028900", "contact2_readpoint": "639028541", "email_readpoint": "bibliotheque5@pl.com", "created_by": 1, "modified_by": 1, "modified_at": "2022-04-05T11:44:02.440Z", "created_at": "2022-04-05T11:44:02.440Z", "status": 1}}, {"model": "book.rayon", "pk": 1, "fields": {"name_rayon": "Rayon 1", "readpoint": 1, "created_by": 1, "modified_by": 1, "modified_at": "2022-04-05T11:44:41.909Z", "created_at": "2022-04-05T11:44:41.909Z", "status": 1}}, {"model": "book.rayon", "pk": 2, "fields": {"name_rayon": "Rayon 2", "readpoint": 1, "created_by": 1, "modified_by": 1, "modified_at": "2022-04-05T11:45:03.814Z", "created_at": "2022-04-05T11:45:03.814Z", "status": 1}}, {"model": "book.rayon", "pk": 3, "fields": {"name_rayon": "Rayon 3", "readpoint": 4, "created_by": 1, "modified_by": 1, "modified_at": "2022-04-05T11:45:18.067Z", "created_at": "2022-04-05T11:45:18.067Z", "status": 1}}, {"model": "book.rayon", "pk": 4, "fields": {"name_rayon": "Rayon 4", "readpoint": 5, "created_by": 1, "modified_by": 1, "modified_at": "2022-04-05T11:45:37.598Z", "created_at": "2022-04-05T11:45:37.598Z", "status": 1}}, {"model": "book.rayon", "pk": 5, "fields": {"name_rayon": "Rayon 5", "readpoint": 4, "created_by": 1, "modified_by": 1, "modified_at": "2022-04-05T11:45:47.097Z", "created_at": "2022-04-05T11:45:47.097Z", "status": 1}}, {"model": "book.rayon", "pk": 6, "fields": {"name_rayon": "rayon 6", "readpoint": 2, "created_by": 1, "modified_by": 1, "modified_at": "2022-04-05T11:46:01.128Z", "created_at": "2022-04-05T11:46:01.128Z", "status": 1}}, {"model": "book.rayon", "pk": 7, "fields": {"name_rayon": "Rayon 7", "readpoint": 1, "created_by": 1, "modified_by": 1, "modified_at": "2022-04-05T11:46:11.279Z", "created_at": "2022-04-05T11:46:11.279Z", "status": 1}}, {"model": "book.rayon", "pk": 8, "fields": {"name_rayon": "Rayon 8", "readpoint": 3, "created_by": 1, "modified_by": 1, "modified_at": "2022-04-05T11:46:20.644Z", "created_at": "2022-04-05T11:46:20.644Z", "status": 1}}, {"model": "book.rayon", "pk": 9, "fields": {"name_rayon": "Rayon 9", "readpoint": 5, "created_by": 1, "modified_by": 1, "modified_at": "2022-04-05T11:46:32.516Z", "created_at": "2022-04-05T11:46:32.516Z", "status": 1}}, {"model": "book.rayon", "pk": 10, "fields": {"name_rayon": "Rayon 10", "readpoint": 2, "created_by": 1, "modified_by": 1, "modified_at": "2022-04-05T11:46:43.588Z", "created_at": "2022-04-05T11:46:43.588Z", "status": 1}}, {"model": "book.category", "pk": 1, "fields": {"name_category": "Informatique", "rayon": 5, "created_by": 1, "modified_by": 1, "modified_at": "2022-04-05T12:28:20.609Z", "created_at": "2022-04-05T12:28:20.609Z", "status": 1}}, {"model": "book.category", "pk": 2, "fields": {"name_category": "Biologie", "rayon": 8, "created_by": 1, "modified_by": 1, "modified_at": "2022-04-05T12:28:28.861Z", "created_at": "2022-04-05T12:28:28.861Z", "status": 1}}, {"model": "book.category", "pk": 3, "fields": {"name_category": "Science et Technologie", "rayon": 1, "created_by": 1, "modified_by": 1, "modified_at": "2022-04-05T12:28:48.294Z", "created_at": "2022-04-05T12:28:48.294Z", "status": 1}}, {"model": "book.category", "pk": 4, "fields": {"name_category": "Histoire Géographie", "rayon": 6, "created_by": 1, "modified_by": 1, "modified_at": "2022-04-05T12:29:27.930Z", "created_at": "2022-04-05T12:29:27.930Z", "status": 1}}, {"model": "book.category", "pk": 5, "fields": {"name_category": "Science et Technologie", "rayon": 10, "created_by": 1, "modified_by": 1, "modified_at": "2022-04-05T12:29:46.858Z", "created_at": "2022-04-05T12:29:46.858Z", "status": 1}}, {"model": "book.category", "pk": 6, "fields": {"name_category": "Informatique", "rayon": 7, "created_by": 1, "modified_by": 1, "modified_at": "2022-04-05T12:30:08.455Z", "created_at": "2022-04-05T12:30:08.455Z", "status": 1}}, {"model": "book.category", "pk": 7, "fields": {"name_category": "Biologie", "rayon": 8, "created_by": 1, "modified_by": 1, "modified_at": "2022-04-05T12:30:17.060Z", "created_at": "2022-04-05T12:30:17.060Z", "status": 1}}, {"model": "book.category", "pk": 8, "fields": {"name_category": "Science et Technologie", "rayon": 9, "created_by": 1, "modified_by": 1, "modified_at": "2022-04-05T12:30:31.788Z", "created_at": "2022-04-05T12:30:31.788Z", "status": 1}}, {"model": "book.category", "pk": 9, "fields": {"name_category": "Biologie", "rayon": 2, "created_by": 1, "modified_by": 1, "modified_at": "2022-04-05T12:30:49.984Z", "created_at": "2022-04-05T12:30:49.984Z", "status": 1}}, {"model": "book.book", "pk": 1, "fields": {"isbn_book": "10-2847-7382-87", "title_book": "Du mode d'existence des objets", "number_copy_book": 7, "publication_date_book": "2012-10-31", "file_book": "book_electroniques/cours_laravel_5_complet.pdf", "img1_book": "couverture/l1.jpeg", "img2_book": "couverture/l1_R5uKu77.jpeg", "resume_book": "Une des approches philosophiques les plus sérieuses des notions de milieu et d'objet techniques. Simondon est un grand connaisseur.", "category": 3, "author": 4, "edition_house": "Maison Edition 1", "created_by": 1, "modified_by": 1, "modified_at": "2022-04-05T12:37:51.977Z", "created_at": "2022-04-05T12:37:51.977Z", "status": 1}}, {"model": "book.book", "pk": 2, "fields": {"isbn_book": "10-2847-7262-10", "title_book": "L'Individuation à la lumière", "number_copy_book": 10, "publication_date_book": "2005-11-01", "file_book": "book_electroniques/8-Etapes-Procedure.pdf", "img1_book": "couverture/l2.jpeg", "img2_book": "couverture/l2_vJ6GtC2.jpeg", "resume_book": "Pour mieux comprendre la portée psychologique et philosophique du précédent volume. Critique des notions de matière et de forme. Création de concepts élaborés, quoiqu'un peu compliqués, comme celui de Transindividuel. Deleuze a beaucoup pioché là-dedans.", "category": 1, "author": 6, "edition_house": "Maison Edition 2", "created_by": 1, "modified_by": 1, "modified_at": "2022-04-05T12:43:29.486Z", "created_at": "2022-04-05T12:43:29.486Z", "status": 1}}, {"model": "book.book", "pk": 3, "fields": {"isbn_book": "10-2847-7201-12", "title_book": "Le Bluff technologique", "number_copy_book": 5, "publication_date_book": "1988-01-20", "file_book": "book_electroniques/En_route_pour_Symfony_5.pdf", "img1_book": "couverture/l3.jpeg", "img2_book": "couverture/l3_VzWAnsE.jpeg", "resume_book": "Le dernier grand livre d'un des penseurs les plus perspicaces quant au phénomène technique. Le tout reste assez pessimiste.", "category": 8, "author": 8, "edition_house": "Maison Edition 3", "created_by": 1, "modified_by": 1, "modified_at": "2022-04-05T12:47:35.963Z", "created_at": "2022-04-05T12:47:35.963Z", "status": 1}}, {"model": "book.book", "pk": 4, "fields": {"isbn_book": "10-2027-0262-01", "title_book": "Le Système technicien", "number_copy_book": 14, "publication_date_book": "1977-10-01", "file_book": "book_electroniques/Booking.com_Confirmation.pdf", "img1_book": "couverture/l4.jpeg", "img2_book": "couverture/l4_iA6ShFB.jpeg", "resume_book": "Le plus abstrait des trois livres d'Ellul sur la question. L'espoir n'est pas au rendez-vous. Il l'est en revanche dans son oeuvre théologique, pendant de sa critique de la technique.", "category": 5, "author": 6, "edition_house": "Maison Edition 2", "created_by": 1, "modified_by": 1, "modified_at": "2022-04-05T12:56:03.710Z", "created_at": "2022-04-05T12:56:03.710Z", "status": 1}}, {"model": "book.book", "pk": 5, "fields": {"isbn_book": "10-9247-0201-11", "title_book": "La Technique, ou l'enjeu du si", "number_copy_book": 13, "publication_date_book": "1954-05-03", "file_book": "book_electroniques/Ou_definir_les_variables_denvironnement_dans_Mac_OS_X_-_iphonologie.fr_2022_.pdf", "img1_book": "couverture/l5.jpeg", "img2_book": "couverture/l5_oOlHOKy.jpeg", "resume_book": "Premier livre d'Ellul sur la Technique. Il développera et réajustera ses thèses au fil de sa vie.", "category": 6, "author": 1, "edition_house": "Maison Edition 4", "created_by": 1, "modified_by": 1, "modified_at": "2022-04-05T13:01:42.728Z", "created_at": "2022-04-05T13:01:42.728Z", "status": 1}}, {"model": "book.book", "pk": 6, "fields": {"isbn_book": "15-2347-7201-18", "title_book": "Technique et Langage", "number_copy_book": 18, "publication_date_book": "1964-11-18", "file_book": "book_electroniques/Ou_definir_les_variables_denvironnement_dans_Mac_OS_X_-_iphonologie.f_NzneQO0.pdf", "img1_book": "couverture/l6.jpeg", "img2_book": "couverture/l6_KedVeEZ.jpeg", "resume_book": "Description, classification et analyse des grands domaines humains qui nécessitent des techniques élaborées : transport, chasse, travail domestique et agricole...", "category": 2, "author": 2, "edition_house": "Maison Edition 1", "created_by": 1, "modified_by": 1, "modified_at": "2022-04-05T13:07:06.589Z", "created_at": "2022-04-05T13:07:06.589Z", "status": 1}}, {"model": "book.book", "pk": 7, "fields": {"isbn_book": "10-2867-7262-18", "title_book": "Milieu et technique", "number_copy_book": 9, "publication_date_book": "1945-10-20", "file_book": "book_electroniques/Ou_definir_les_variables_denvironnement_dans_Mac_OS_X_-_iphonologie.f_qWnZiaR.pdf", "img1_book": "couverture/l7.jpeg", "img2_book": "couverture/l7_Ki6yAkJ.jpeg", "resume_book": "Poursuite de l'effort commencé lors du précédent ouvrage. Riche en détails.", "category": 4, "author": 3, "edition_house": "Maison Edition 3", "created_by": 1, "modified_by": 1, "modified_at": "2022-04-05T13:12:42.045Z", "created_at": "2022-04-05T13:12:42.045Z", "status": 1}}, {"model": "book.book", "pk": 8, "fields": {"isbn_book": "04-2207-7501-06", "title_book": "La Technique", "number_copy_book": 6, "publication_date_book": "2000-10-01", "file_book": "book_electroniques/ITS30077494364.pdf", "img1_book": "couverture/l8.jpeg", "img2_book": "couverture/l8_QLfQaoH.jpeg", "resume_book": "Livre d'ensemble sur la question. Permet de se rappeler que le mot \"technologie\" (qui veut dire normalement discours ou raisonnement sur la technique) est utilisé absolument n'importe comment aujourd'hui (\"Je suis hyper équipé en technologies de pointes\" ??)", "category": 5, "author": 7, "edition_house": "Maison Edition 7", "created_by": 1, "modified_by": 1, "modified_at": "2022-04-05T13:20:44.407Z", "created_at": "2022-04-05T13:20:44.407Z", "status": 1}}, {"model": "book.book", "pk": 9, "fields": {"isbn_book": "05-3847-8201-02", "title_book": "Le Choix du feu", "number_copy_book": 13, "publication_date_book": "2007-07-05", "file_book": "book_electroniques/ITS30077494364_znW44Dp.pdf", "img1_book": "couverture/l9.jpeg", "img2_book": "couverture/l9_Uwwqyss.jpeg", "resume_book": "A lire aussi, du même auteur, \"Fragilité de la puissance\". Deux ouvrages qui ont beaucoup de perspective historique.", "category": 8, "author": 3, "edition_house": "Maison Edition 6", "created_by": 1, "modified_by": 1, "modified_at": "2022-04-05T13:24:26.279Z", "created_at": "2022-04-05T13:24:26.279Z", "status": 1}}, {"model": "book.book", "pk": 10, "fields": {"isbn_book": "03-3527-1063-06", "title_book": "Condition de l'homme moderne", "number_copy_book": 11, "publication_date_book": "1961-04-09", "file_book": "book_electroniques/ITS30077494364_nIATrgU.pdf", "img1_book": "couverture/l10.jpeg", "img2_book": "couverture/l10_xoPsNvU.jpeg", "resume_book": "Une encyclopédie de référence. Pour ceux qui ne savent pas comment marche un téléphone ou une centrale nucléaire.", "category": 1, "author": 6, "edition_house": "Maison Edition 5", "created_by": 1, "modified_by": 1, "modified_at": "2022-04-05T13:35:40.160Z", "created_at": "2022-04-05T13:35:40.160Z", "status": 1}}]